{"train_loss": 3.0378973484039307, "epoch": 9, "trainer/global_step": 1499, "_runtime": 2165, "_timestamp": 1621379439, "_step": 39, "val_acc": 0.08250000327825546}