{"train_loss": 4.2322893142700195, "epoch": 9, "trainer/global_step": 1499, "_runtime": 1095, "_timestamp": 1621400027, "_step": 39, "val_acc": 0.019999999552965164}