{"train_loss": 2.5478692054748535, "epoch": 9, "trainer/global_step": 1499, "_runtime": 909, "_timestamp": 1621408816, "_step": 39, "val_acc": 0.16249999403953552}