{"train_loss": 3.5315332412719727, "epoch": 9, "trainer/global_step": 1499, "_runtime": 558, "_timestamp": 1621396639, "_step": 39, "val_acc": 0.054999999701976776}