{"train_loss": 4.127896785736084, "epoch": 9, "trainer/global_step": 1499, "_runtime": 534, "_timestamp": 1621393188, "_step": 39, "val_acc": 0.019999999552965164}