{"train_loss": 2.8165111541748047, "epoch": 9, "trainer/global_step": 1499, "_runtime": 1170, "_timestamp": 1621385694, "_step": 39, "val_acc": 0.10249999910593033}