{"train_loss": 2.9780380725860596, "epoch": 9, "trainer/global_step": 1499, "_runtime": 2621, "_timestamp": 1621384493, "_step": 39, "val_acc": 0.17000000178813934}