{"train_loss": 2.4113006591796875, "epoch": 9, "trainer/global_step": 1499, "_runtime": 544, "_timestamp": 1621401643, "_step": 39, "val_acc": 0.20250000059604645}