{"train_loss": 4.01748514175415, "epoch": 9, "trainer/global_step": 1499, "_runtime": 536, "_timestamp": 1621395509, "_step": 39, "val_acc": 0.019999999552965164}