{"train_loss": 2.4877517223358154, "epoch": 9, "trainer/global_step": 1499, "_runtime": 617, "_timestamp": 1621402827, "_step": 39, "val_acc": 0.17000000178813934}