{"train_loss": 3.6641204357147217, "epoch": 9, "trainer/global_step": 1499, "_runtime": 546, "_timestamp": 1621396067, "_step": 39, "val_acc": 0.05249999836087227}