{"train_loss": 4.3458123207092285, "epoch": 9, "trainer/global_step": 1499, "_runtime": 874, "_timestamp": 1621404726, "_step": 39, "val_acc": 0.019999999552965164}