{"train_loss": 3.585848569869995, "epoch": 9, "trainer/global_step": 1499, "_runtime": 620, "_timestamp": 1621394387, "_step": 39, "val_acc": 0.05249999836087227}