{"train_loss": 2.9093515872955322, "epoch": 9, "trainer/global_step": 1499, "_runtime": 2045, "_timestamp": 1621415562, "_step": 39, "val_acc": 0.15000000596046448}