{"train_loss": 2.9719696044921875, "epoch": 9, "trainer/global_step": 1499, "_runtime": 1084, "_timestamp": 1621409912, "_step": 39, "val_acc": 0.12999999523162842}