{"train_loss": 2.5031819343566895, "epoch": 9, "trainer/global_step": 1499, "_runtime": 545, "_timestamp": 1621388919, "_step": 39, "val_acc": 0.1574999988079071}