{"train_loss": 2.765474796295166, "epoch": 9, "trainer/global_step": 1499, "_runtime": 534, "_timestamp": 1621397188, "_step": 39, "val_acc": 0.16750000417232513}