{"train_loss": 2.6361641883850098, "epoch": 9, "trainer/global_step": 1499, "_runtime": 551, "_timestamp": 1621391496, "_step": 39, "val_acc": 0.20000000298023224}