{"train_loss": 3.5826776027679443, "epoch": 9, "trainer/global_step": 1499, "_runtime": 1115, "_timestamp": 1621392623, "_step": 39, "val_acc": 0.05999999865889549}