{"train_loss": 2.847127914428711, "epoch": 9, "trainer/global_step": 1499, "_runtime": 623, "_timestamp": 1621407895, "_step": 39, "val_acc": 0.13750000298023224}