{"train_loss": 4.190096378326416, "epoch": 9, "trainer/global_step": 1499, "_runtime": 665, "_timestamp": 1621406221, "_step": 39, "val_acc": 0.019999999552965164}