{"train_loss": 2.5882134437561035, "epoch": 9, "trainer/global_step": 1499, "_runtime": 986, "_timestamp": 1621411584, "_step": 39, "val_acc": 0.16500000655651093}