{"train_loss": 4.267073154449463, "epoch": 9, "trainer/global_step": 1499, "_runtime": 551, "_timestamp": 1621393756, "_step": 39, "val_acc": 0.019999999552965164}