{"train_loss": 4.482251167297363, "epoch": 9, "trainer/global_step": 1499, "_runtime": 1320, "_timestamp": 1621387786, "_step": 39, "val_acc": 0.019999999552965164}