{"train_loss": 2.721900701522827, "epoch": 9, "trainer/global_step": 1499, "_runtime": 1027, "_timestamp": 1621407259, "_step": 39, "val_acc": 0.17249999940395355}