{"train_loss": 4.350360870361328, "epoch": 9, "trainer/global_step": 1499, "_runtime": 801, "_timestamp": 1621405541, "_step": 39, "val_acc": 0.019999999552965164}