{"train_loss": 2.606414556503296, "epoch": 9, "trainer/global_step": 1499, "_runtime": 1467, "_timestamp": 1621417045, "_step": 39, "val_acc": 0.17000000178813934}