{"train_loss": 4.193033218383789, "epoch": 9, "trainer/global_step": 1499, "_runtime": 2379, "_timestamp": 1621381847, "_step": 39, "val_acc": 0.019999999552965164}