{"train_loss": 2.7134857177734375, "epoch": 9, "trainer/global_step": 1499, "_runtime": 1881, "_timestamp": 1621413502, "_step": 39, "val_acc": 0.17249999940395355}