{"train_loss": 4.329606056213379, "epoch": 9, "trainer/global_step": 1499, "_runtime": 522, "_timestamp": 1621402195, "_step": 39, "val_acc": 0.019999999552965164}