{"train_loss": 2.8823788166046143, "epoch": 9, "trainer/global_step": 1499, "_runtime": 746, "_timestamp": 1621386454, "_step": 39, "val_acc": 0.0949999988079071}