{"train_loss": 4.150692939758301, "epoch": 9, "trainer/global_step": 1499, "_runtime": 976, "_timestamp": 1621390930, "_step": 39, "val_acc": 0.019999999552965164}