{"train_loss": 2.617831230163574, "epoch": 9, "trainer/global_step": 1499, "_runtime": 540, "_timestamp": 1621398920, "_step": 39, "val_acc": 0.17749999463558197}