{"train_loss": 2.791656970977783, "epoch": 9, "trainer/global_step": 1499, "_runtime": 1046, "_timestamp": 1621401086, "_step": 39, "val_acc": 0.13500000536441803}