{"train_loss": 2.680518388748169, "epoch": 9, "trainer/global_step": 1499, "_runtime": 657, "_timestamp": 1621410584, "_step": 39, "val_acc": 0.16750000417232513}