{"train_loss": 4.337469577789307, "epoch": 9, "trainer/global_step": 1499, "_runtime": 530, "_timestamp": 1621397752, "_step": 39, "val_acc": 0.019999999552965164}