{"train_loss": 4.214325904846191, "epoch": 9, "trainer/global_step": 1499, "_runtime": 1904, "_timestamp": 1621377258, "_step": 39, "val_acc": 0.019999999552965164}