{"train_loss": 3.5594396591186523, "epoch": 9, "trainer/global_step": 1499, "_runtime": 559, "_timestamp": 1621394957, "_step": 39, "val_acc": 0.054999999701976776}