{"train_loss": 2.79384708404541, "epoch": 9, "trainer/global_step": 1499, "_runtime": 2061, "_timestamp": 1621419120, "_step": 39, "val_acc": 0.1850000023841858}