{"train_loss": 4.43845272064209, "epoch": 9, "trainer/global_step": 1499, "_runtime": 1002, "_timestamp": 1621403840, "_step": 39, "val_acc": 0.019999999552965164}