{"train_loss": 2.7326695919036865, "epoch": 9, "trainer/global_step": 1499, "_runtime": 1013, "_timestamp": 1621389944, "_step": 39, "val_acc": 0.16500000655651093}