{"train_loss": 3.5523288249969482, "epoch": 9, "trainer/global_step": 1499, "_runtime": 550, "_timestamp": 1621388350, "_step": 39, "val_acc": 0.05249999836087227}